Workbook

Sheet New
A1: identifier_value | B1: longname | C1: scalar_value | D1: longname | E1: scalar_value | F1: longname | G1: scalar_value | H1: longname | I1: scalar_value | J1: longname | K1: scalar_value | L1: longname | M1: scalar_value | N1: rank by TS
A2: CH0022877 | B2: Total score | C2: 100 | D2: Clinical trials score | E2: 26.914468 | F2: Digital activator score | G2: 75.18797 | H2: Publications score | I2: 63.97758 | J2: Sponsorship score | K2: 100 | L2: Societies score | M2: 0 | N2: =RANK(C2,$C$2:$C$200000) -> 1
A3: CH0022561 | B3: Total score | C3: 97.882912 | D3: Clinical trials score | E3: 78.848921 | F3: Digital activator score | G3: 98.496241 | H3: Publications score | I3: 48.877132 | J3: Sponsorship score | K3: 19.124642 | L3: Societies score | M3: 40 | N3: =RANK(C3,$C$2:$C$200000) -> 2
A4: CH0022739 | B4: Total score | C4: 84.229452 | D4: Clinical trials score | E4: 32.310152 | F4: Digital activator score | G4: 3.7593985 | H4: Publications score | I4: 26.789744 | J4: Sponsorship score | K4: 1.6874307 | L4: Societies score | M4: 100 | N4: =RANK(C4,$C$2:$C$200000) -> 3
A5: CH0022995 | B5: Total score | C5: 81.688538 | D5: Clinical trials score | E5: 100 | F5: Digital activator score | G5: 57.142857 | H5: Publications score | I5: 53.376004 | J5: Sponsorship score | K5: 2.5609193 | L5: Societies score | M5: 0 | N5: =RANK(C5,$C$2:$C$200000) -> 4
A6: CH0023119 | B6: Total score | C6: 78.465381 | D6: Clinical trials score | E6: 29.784173 | F6: Digital activator score | G6: 79.699248 | H6: Publications score | I6: 100 | J6: Sponsorship score | K6: 0 | L6: Societies score | M6: 20 | N6: =RANK(C6,$C$2:$C$200000) -> 5
A7: CH0022914 | B7: Total score | C7: 76.937554 | D7: Clinical trials score | E7: 70.495604 | F7: Digital activator score | G7: 86.466165 | H7: Publications score | I7: 59.31962 | J7: Sponsorship score | K7: 17.052449 | L7: Societies score | M7: 0 | N7: =RANK(C7,$C$2:$C$200000) -> 6
A8: CH0023075 | B8: Total score | C8: 72.292917 | D8: Clinical trials score | E8: 69.11271 | F8: Digital activator score | G8: 35.338346 | H8: Publications score | I8: 57.229272 | J8: Sponsorship score | K8: 11.659448 | L8: Societies score | M8: 0 | N8: =RANK(C8,$C$2:$C$200000) -> 7
A9: CH0023290 | B9: Total score | C9: 71.253545 | D9: Clinical trials score | E9: 6.8185452 | F9: Digital activator score | G9: 0 | H9: Publications score | I9: 58.452033 | J9: Sponsorship score | K9: 0.74677233 | L9: Societies score | M9: 70 | N9: =RANK(C9,$C$2:$C$200000) -> 8
A10: CH0022581 | B10: Total score | C10: 65.678524 | D10: Clinical trials score | E10: 7.1063149 | F10: Digital activator score | G10: 39.849624 | H10: Publications score | I10: 65.940286 | J10: Sponsorship score | K10: 52.328478 | L10: Societies score | M10: 0 | N10: =RANK(C10,$C$2:$C$200000) -> 9
A11: CH0022699 | B11: Total score | C11: 64.095042 | D11: Clinical trials score | E11: 58.880895 | F11: Digital activator score | G11: 3.7593985 | H11: Publications score | I11: 52.353028 | J11: Sponsorship score | K11: 1.118414 | L11: Societies score | M11: 10 | N11: =RANK(C11,$C$2:$C$200000) -> 10
A12: CH0022907 | B12: Total score | C12: 63.637822 | D12: Clinical trials score | E12: 65.139888 | F12: Digital activator score | G12: 54.887218 | H12: Publications score | I12: 37.200784 | J12: Sponsorship score | K12: 19.138869 | L12: Societies score | M12: 0 | N12: =RANK(C12,$C$2:$C$200000) -> 11
A13: CH0022780 | B13: Total score | C13: 62.792109 | D13: Clinical trials score | E13: 22.829736 | F13: Digital activator score | G13: 50.37594 | H13: Publications score | I13: 17.035406 | J13: Sponsorship score | K13: 0 | L13: Societies score | M13: 80 | N13: =RANK(C13,$C$2:$C$200000) -> 12
... A848: CH0023343 | B848: Total score | C848: 0 | D848: Clinical trials score | E848: 0 | F848: Digital activator score | G848: 0 | H848: Publications score | I848: 0 | J848: Sponsorship score | K848: 0 | L848: Societies score | M848: 0 | N848: =RANK(C848,$C$2:$C$200000) -> 779

Sheet Old
A1: identifier_value | B1: longname | C1: scalar_value | D1: longname | E1: scalar_value | F1: longname | G1: scalar_value | H1: longname | I1: scalar_value | J1: longname | K1: scalar_value | L1: longname | M1: scalar_value | N1: rank by TS
A2: CH0022561 | B2: Total score | C2: 100 | D2: Clinical trials score | E2: 75.089993 | F2: Digital activator score | G2: 100 | H2: Publications score | I2: 47.822117 | J2: Sponsorship score | K2: 17.660188 | L2: Societies score | M2: 40 | N2: =RANK(C2,$C$2:$C$200000) -> 1
A3: CH0022877 | B3: Total score | C3: 98.548008 | D3: Clinical trials score | E3: 26.933845 | F3: Digital activator score | G3: 85.483871 | H3: Publications score | I3: 64.080695 | J3: Sponsorship score | K3: 100 | L3: Societies score | M3: 0 | N3: =RANK(C3,$C$2:$C$200000) -> 2
A4: CH0023119 | B4: Total score | C4: 82.710831 | D4: Clinical trials score | E4: 29.805616 | F4: Digital activator score | G4: 82.258065 | H4: Publications score | I4: 100 | J4: Sponsorship score | K4: 0 | L4: Societies score | M4: 20 | N4: =RANK(C4,$C$2:$C$200000) -> 3
A5: CH0022995 | B5: Total score | C5: 75.958232 | D5: Clinical trials score | E5: 100 | F5: Digital activator score | G5: 57.258065 | H5: Publications score | I5: 53.494874 | J5: Sponsorship score | K5: 2.3648189 | L5: Societies score | M5: 0 | N5: =RANK(C5,$C$2:$C$200000) -> 4
A6: CH0022992 | B6: Total score | C6: 73.62754 | D6: Clinical trials score | E6: 66.170706 | F6: Digital activator score | G6: 87.903226 | H6: Publications score | I6: 47.024768 | J6: Sponsorship score | K6: 5.4797818 | L6: Societies score | M6: 0 | N6: =RANK(C6,$C$2:$C$200000) -> 5
A7: CH0022957 | B7: Total score | C7: 69.078312 | D7: Clinical trials score | E7: 55.763539 | F7: Digital activator score | G7: 95.16129 | H7: Publications score | I7: 41.127962 | J7: Sponsorship score | K7: 1.7618149 | L7: Societies score | M7: 0 | N7: =RANK(C7,$C$2:$C$200000) -> 6
A8: CH0022780 | B8: Total score | C8: 66.674252 | D8: Clinical trials score | E8: 22.846172 | F8: Digital activator score | G8: 68.548387 | H8: Publications score | I8: 15.674923 | J8: Sponsorship score | K8: 0 | L8: Societies score | M8: 80 | N8: =RANK(C8,$C$2:$C$200000) -> 7
A9: CH0022814 | B9: Total score | C9: 66.100818 | D9: Clinical trials score | E9: 37.87697 | F9: Digital activator score | G9: 93.548387 | H9: Publications score | I9: 54.035226 | J9: Sponsorship score | K9: 0 | L9: Societies score | M9: 0 | N9: =RANK(C9,$C$2:$C$200000) -> 8
A10: CH0023075 | B10: Total score | C10: 65.420547 | D10: Clinical trials score | E10: 67.794576 | F10: Digital activator score | G10: 47.580645 | H10: Publications score | I10: 57.410075 | J10: Sponsorship score | K10: 10.766635 | L10: Societies score | M10: 0 | N10: =RANK(C10,$C$2:$C$200000) -> 9
A11: CH0023227 | B11: Total score | C11: 64.158245 | D11: Clinical trials score | E11: 7.399408 | F11: Digital activator score | G11: 95.967742 | H11: Publications score | I11: 75.140972 | J11: Sponsorship score | K11: 1.5021415 | L11: Societies score | M11: 0 | N11: =RANK(C11,$C$2:$C$200000) -> 10
A12: CH0022581 | B12: Total score | C12: 64.104359 | D12: Clinical trials score | E12: 7.1114311 | F12: Digital activator score | G12: 58.064516 | H12: Publications score | I12: 66.361659 | J12: Sponsorship score | K12: 48.321466 | L12: Societies score | M12: 0 | N12: =RANK(C12,$C$2:$C$200000) -> 11
A13: CH0022750 | B13: Total score | C13: 63.852412 | D13: Clinical trials score | E13: 56.49948 | F13: Digital activator score | G13: 84.677419 | H13: Publications score | I13: 37.975279 | J13: Sponsorship score | K13: 0 | L13: Societies score | M13: 0 | N13: =RANK(C13,$C$2:$C$200000) -> 12
... A848: CH0023340 | B848: Total score | C848: 0 | D848: Clinical trials score | E848: 0 | F848: Digital activator score | G848: 0 | H848: Publications score | I848: 0 | J848: Sponsorship score | K848: 0 | L848: Societies score | M848: 0 | N848: =RANK(C848,$C$2:$C$200000) -> 788

Sheet Result
B1: =Old!A1 -> identifier_value | C1: Total score diff | D1: CT score diff | E1: Digital activator score diff | F1: Publications score diff | G1: Sponsorship score diff | H1: Societies score diff | I1: Check if >10% | J1: Overall score shift
A2: 1 | B2: =New!A2 -> CH0022877 | C2: =(VLOOKUP(B2,New!A:C,3,FALSE)-VLOOKUP(B2,Old!A:C,3,FALSE))/VLOOKUP(B2,Old!A:C,3,FALSE) -> 0.01473385 | D2: =IFERROR((VLOOKUP(B2,New!A:M,5,FALSE)-VLOOKUP(B2,Old!A:M,5,FALSE))/VLOOKUP(B2,Old!A:M,5,FALSE),0) -> -0.00071942446 | E2: =IFERROR((VLOOKUP(B2,New!A:M,7,FALSE)-VLOOKUP(B2,Old!A:M,7,FALSE))/VLOOKUP(B2,Old!A:M,7,FALSE),0) -> -0.12044262 | F2: =IFERROR((VLOOKUP(B2,New!A:M,9,FALSE)-VLOOKUP(B2,Old!A:M,9,FALSE))/VLOOKUP(B2,Old!A:M,9,FALSE),0) -> -0.0016091504 | G2: =IFERROR((VLOOKUP(B2,New!A:M,11,FALSE)-VLOOKUP(B2,Old!A:M,11,FALSE))/VLOOKUP(B2,Old!A:M,11,FALSE),0) -> 0 | H2: =IFERROR((VLOOKUP(B2,New!A:M,13,FALSE)-VLOOKUP(B2,Old!A:M,13,FALSE))/VLOOKUP(B2,Old!A:M,13,FALSE),0) -> 0 | I2: =IF(AND(C2>0.1,ABS(VLOOKUP(B2,New!A:N,14,FALSE)-VLOOKUP(B2,Old!A:N,14,FALSE))>5),"Score and place shift is > 10%","Within acceptance") -> Within acceptance | J2: =IF(AND(ABS(D2)<0.1,ABS(E2)<0.1,ABS(F2)<0.1,ABS(G2)<0.1,ABS(H2)<0.1),"The score is just a sequence of overall score shift","Needs analysis") -> Needs analysis
A3: 2 | B3: =New!A3 -> CH0022561 | C3: =(VLOOKUP(B3,New!A:C,3,FALSE)-VLOOKUP(B3,Old!A:C,3,FALSE))/VLOOKUP(B3,Old!A:C,3,FALSE) -> -0.021170882 | D3: =IFERROR((VLOOKUP(B3,New!A:M,5,FALSE)-VLOOKUP(B3,Old!A:M,5,FALSE))/VLOOKUP(B3,Old!A:M,5,FALSE),0) -> 0.050058975 | E3: =IFERROR((VLOOKUP(B3,New!A:M,7,FALSE)-VLOOKUP(B3,Old!A:M,7,FALSE))/VLOOKUP(B3,Old!A:M,7,FALSE),0) -> -0.015037594 | F3: =IFERROR((VLOOKUP(B3,New!A:M,9,FALSE)-VLOOKUP(B3,Old!A:M,9,FALSE))/VLOOKUP(B3,Old!A:M,9,FALSE),0) -> 0.02206124 | G3: =IFERROR((VLOOKUP(B3,New!A:M,11,FALSE)-VLOOKUP(B3,Old!A:M,11,FALSE))/VLOOKUP(B3,Old!A:M,11,FALSE),0) -> 0.082924049 | H3: =IFERROR((VLOOKUP(B3,New!A:M,13,FALSE)-VLOOKUP(B3,Old!A:M,13,FALSE))/VLOOKUP(B3,Old!A:M,13,FALSE),0) -> 0 | I3: =IF(AND(C3>0.1,ABS(VLOOKUP(B3,New!A:N,14,FALSE)-VLOOKUP(B3,Old!A:N,14,FALSE))>5),"Score and place shift is > 10%","Within acceptance") -> Within acceptance | J3: =IF(AND(ABS(D3)<0.1,ABS(E3)<0.1,ABS(F3)<0.1,ABS(G3)<0.1,ABS(H3)<0.1),"The score is just a sequence of overall score shift","Needs analysis") -> The score is just a sequence of overall score shift
A4: 3 | B4: =New!A4 -> CH0022739 | C4: =(VLOOKUP(B4,New!A:C,3,FALSE)-VLOOKUP(B4,Old!A:C,3,FALSE))/VLOOKUP(B4,Old!A:C,3,FALSE) -> 0.46347755 | D4: =IFERROR((VLOOKUP(B4,New!A:M,5,FALSE)-VLOOKUP(B4,Old!A:M,5,FALSE))/VLOOKUP(B4,Old!A:M,5,FALSE),0) -> 0.0015105595 | E4: =IFERROR((VLOOKUP(B4,New!A:M,7,FALSE)-VLOOKUP(B4,Old!A:M,7,FALSE))/VLOOKUP(B4,Old!A:M,7,FALSE),0) -> 1.3308271 | F4: =IFERROR((VLOOKUP(B4,New!A:M,9,FALSE)-VLOOKUP(B4,Old!A:M,9,FALSE))/VLOOKUP(B4,Old!A:M,9,FALSE),0) -> 0.028439223 | G4: =IFERROR((VLOOKUP(B4,New!A:M,11,FALSE)-VLOOKUP(B4,Old!A:M,11,FALSE))/VLOOKUP(B4,Old!A:M,11,FALSE),0) -> 0.082924049 | H4: =IFERROR((VLOOKUP(B4,New!A:M,13,FALSE)-VLOOKUP(B4,Old!A:M,13,FALSE))/VLOOKUP(B4,Old!A:M,13,FALSE),0) -> 0 | I4: =IF(AND(C4>0.1,ABS(VLOOKUP(B4,New!A:N,14,FALSE)-VLOOKUP(B4,Old!A:N,14,FALSE))>5),"Score and place shift is > 10%","Within acceptance") -> Score and place shift is > 10% | J4: =IF(AND(ABS(D4)<0.1,ABS(E4)<0.1,ABS(F4)<0.1,ABS(G4)<0.1,ABS(H4)<0.1),"The score is just a sequence of overall score shift","Needs analysis") -> Needs analysis
A5: 4 | B5: =New!A5 -> CH0022995 | C5: =(VLOOKUP(B5,New!A:C,3,FALSE)-VLOOKUP(B5,Old!A:C,3,FALSE))/VLOOKUP(B5,Old!A:C,3,FALSE) -> 0.075440216 | D5: =IFERROR((VLOOKUP(B5,New!A:M,5,FALSE)-VLOOKUP(B5,Old!A:M,5,FALSE))/VLOOKUP(B5,Old!A:M,5,FALSE),0) -> 0 | E5: =IFERROR((VLOOKUP(B5,New!A:M,7,FALSE)-VLOOKUP(B5,Old!A:M,7,FALSE))/VLOOKUP(B5,Old!A:M,7,FALSE),0) -> -0.0020120724 | F5: =IFERROR((VLOOKUP(B5,New!A:M,9,FALSE)-VLOOKUP(B5,Old!A:M,9,FALSE))/VLOOKUP(B5,Old!A:M,9,FALSE),0) -> -0.0022220939 | G5: =IFERROR((VLOOKUP(B5,New!A:M,11,FALSE)-VLOOKUP(B5,Old!A:M,11,FALSE))/VLOOKUP(B5,Old!A:M,11,FALSE),0) -> 0.082924049 | H5: =IFERROR((VLOOKUP(B5,New!A:M,13,FALSE)-VLOOKUP(B5,Old!A:M,13,FALSE))/VLOOKUP(B5,Old!A:M,13,FALSE),0) -> 0 | I5: =IF(AND(C5>0.1,ABS(VLOOKUP(B5,New!A:N,14,FALSE)-VLOOKUP(B5,Old!A:N,14,FALSE))>5),"Score and place shift is > 10%","Within acceptance") -> Within acceptance | J5: =IF(AND(ABS(D5)<0.1,ABS(E5)<0.1,ABS(F5)<0.1,ABS(G5)<0.1,ABS(H5)<0.1),"The score is just a sequence of overall score shift","Needs analysis") -> The score is just a sequence of overall score shift
A6: 5 | B6: =New!A6 -> CH0023119 | C6: =(VLOOKUP(B6,New!A:C,3,FALSE)-VLOOKUP(B6,Old!A:C,3,FALSE))/VLOOKUP(B6,Old!A:C,3,FALSE) -> -0.051328834 | D6: =IFERROR((VLOOKUP(B6,New!A:M,5,FALSE)-VLOOKUP(B6,Old!A:M,5,FALSE))/VLOOKUP(B6,Old!A:M,5,FALSE),0) -> -0.00071942446 | E6: =IFERROR((VLOOKUP(B6,New!A:M,7,FALSE)-VLOOKUP(B6,Old!A:M,7,FALSE))/VLOOKUP(B6,Old!A:M,7,FALSE),0) -> -0.03110718 | F6: =IFERROR((VLOOKUP(B6,New!A:M,9,FALSE)-VLOOKUP(B6,Old!A:M,9,FALSE))/VLOOKUP(B6,Old!A:M,9,FALSE),0) -> 0 | G6: =IFERROR((VLOOKUP(B6,New!A:M,11,FALSE)-VLOOKUP(B6,Old!A:M,11,FALSE))/VLOOKUP(B6,Old!A:M,11,FALSE),0) -> 0 | H6: =IFERROR((VLOOKUP(B6,New!A:M,13,FALSE)-VLOOKUP(B6,Old!A:M,13,FALSE))/VLOOKUP(B6,Old!A:M,13,FALSE),0) -> 0 | I6: =IF(AND(C6>0.1,ABS(VLOOKUP(B6,New!A:N,14,FALSE)-VLOOKUP(B6,Old!A:N,14,FALSE))>5),"Score and place shift is > 10%","Within acceptance") -> Within acceptance | J6: =IF(AND(ABS(D6)<0.1,ABS(E6)<0.1,ABS(F6)<0.1,ABS(G6)<0.1,ABS(H6)<0.1),"The score is just a sequence of overall score shift","Needs analysis") -> The score is just a sequence of overall score shift
A7: 6 | B7: =New!A7 -> CH0022914 | C7: =(VLOOKUP(B7,New!A:C,3,FALSE)-VLOOKUP(B7,Old!A:C,3,FALSE))/VLOOKUP(B7,Old!A:C,3,FALSE) -> 0.22672818 | D7: =IFERROR((VLOOKUP(B7,New!A:M,5,FALSE)-VLOOKUP(B7,Old!A:M,5,FALSE))/VLOOKUP(B7,Old!A:M,5,FALSE),0) -> 0.048376802 | E7: =IFERROR((VLOOKUP(B7,New!A:M,7,FALSE)-VLOOKUP(B7,Old!A:M,7,FALSE))/VLOOKUP(B7,Old!A:M,7,FALSE),0) -> -0.067669173 | F7: =IFERROR((VLOOKUP(B7,New!A:M,9,FALSE)-VLOOKUP(B7,Old!A:M,9,FALSE))/VLOOKUP(B7,Old!A:M,9,FALSE),0) -> 249.05338 | G7: =IFERROR((VLOOKUP(B7,New!A:M,11,FALSE)-VLOOKUP(B7,Old!A:M,11,FALSE))/VLOOKUP(B7,Old!A:M,11,FALSE),0) -> 0.082924049 | H7: =IFERROR((VLOOKUP(B7,New!A:M,13,FALSE)-VLOOKUP(B7,Old!A:M,13,FALSE))/VLOOKUP(B7,Old!A:M,13,FALSE),0) -> 0 | I7: =IF(AND(C7>0.1,ABS(VLOOKUP(B7,New!A:N,14,FALSE)-VLOOKUP(B7,Old!A:N,14,FALSE))>5),"Score and place shift is > 10%","Within acceptance") -> Score and place shift is > 10% | J7: =IF(AND(ABS(D7)<0.1,ABS(E7)<0.1,ABS(F7)<0.1,ABS(G7)<0.1,ABS(H7)<0.1),"The score is just a sequence of overall score shift","Needs analysis") -> Needs analysis
A8: 7 | B8: =New!A8 -> CH0023075 | C8: =(VLOOKUP(B8,New!A:C,3,FALSE)-VLOOKUP(B8,Old!A:C,3,FALSE))/VLOOKUP(B8,Old!A:C,3,FALSE) -> 0.10504911 | D8: =IFERROR((VLOOKUP(B8,New!A:M,5,FALSE)-VLOOKUP(B8,Old!A:M,5,FALSE))/VLOOKUP(B8,Old!A:M,5,FALSE),0) -> 0.019443051 | E8: =IFERROR((VLOOKUP(B8,New!A:M,7,FALSE)-VLOOKUP(B8,Old!A:M,7,FALSE))/VLOOKUP(B8,Old!A:M,7,FALSE),0) -> -0.25729578 | F8: =IFERROR((VLOOKUP(B8,New!A:M,9,FALSE)-VLOOKUP(B8,Old!A:M,9,FALSE))/VLOOKUP(B8,Old!A:M,9,FALSE),0) -> -0.0031493146 | G8: =IFERROR((VLOOKUP(B8,New!A:M,11,FALSE)-VLOOKUP(B8,Old!A:M,11,FALSE))/VLOOKUP(B8,Old!A:M,11,FALSE),0) -> 0.082924049 | H8: =IFERROR((VLOOKUP(B8,New!A:M,13,FALSE)-VLOOKUP(B8,Old!A:M,13,FALSE))/VLOOKUP(B8,Old!A:M,13,FALSE),0) -> 0 | I8: =IF(AND(C8>0.1,ABS(VLOOKUP(B8,New!A:N,14,FALSE)-VLOOKUP(B8,Old!A:N,14,FALSE))>5),"Score and place shift is > 10%","Within acceptance") -> Within acceptance | J8: =IF(AND(ABS(D8)<0.1,ABS(E8)<0.1,ABS(F8)<0.1,ABS(G8)<0.1,ABS(H8)<0.1),"The score is just a sequence of overall score shift","Needs analysis") -> Needs analysis
A9: 8 | B9: =New!A9 -> CH0023290 | C9: =(VLOOKUP(B9,New!A:C,3,FALSE)-VLOOKUP(B9,Old!A:C,3,FALSE))/VLOOKUP(B9,Old!A:C,3,FALSE) -> 0.46752427 | D9: =IFERROR((VLOOKUP(B9,New!A:M,5,FALSE)-VLOOKUP(B9,Old!A:M,5,FALSE))/VLOOKUP(B9,Old!A:M,5,FALSE),0) -> -0.00071942446 | E9: =IFERROR((VLOOKUP(B9,New!A:M,7,FALSE)-VLOOKUP(B9,Old!A:M,7,FALSE))/VLOOKUP(B9,Old!A:M,7,FALSE),0) -> 0 | F9: =IFERROR((VLOOKUP(B9,New!A:M,9,FALSE)-VLOOKUP(B9,Old!A:M,9,FALSE))/VLOOKUP(B9,Old!A:M,9,FALSE),0) -> -0.0044757805 | G9: =IFERROR((VLOOKUP(B9,New!A:M,11,FALSE)-VLOOKUP(B9,Old!A:M,11,FALSE))/VLOOKUP(B9,Old!A:M,11,FALSE),0) -> 0.082924049 | H9: =IFERROR((VLOOKUP(B9,New!A:M,13,FALSE)-VLOOKUP(B9,Old!A:M,13,FALSE))/VLOOKUP(B9,Old!A:M,13,FALSE),0) -> 0 | I9: =IF(AND(C9>0.1,ABS(VLOOKUP(B9,New!A:N,14,FALSE)-VLOOKUP(B9,Old!A:N,14,FALSE))>5),"Score and place shift is > 10%","Within acceptance") -> Score and place shift is > 10% | J9: =IF(AND(ABS(D9)<0.1,ABS(E9)<0.1,ABS(F9)<0.1,ABS(G9)<0.1,ABS(H9)<0.1),"The score is just a sequence of overall score shift","Needs analysis") -> The score is just a sequence of overall score shift
A10: 9 | B10: =New!A10 -> CH0022581 | C10: =(VLOOKUP(B10,New!A:C,3,FALSE)-VLOOKUP(B10,Old!A:C,3,FALSE))/VLOOKUP(B10,Old!A:C,3,FALSE) -> 0.024556283 | D10: =IFERROR((VLOOKUP(B10,New!A:M,5,FALSE)-VLOOKUP(B10,Old!A:M,5,FALSE))/VLOOKUP(B10,Old!A:M,5,FALSE),0) -> -0.00071942446 | E10: =IFERROR((VLOOKUP(B10,New!A:M,7,FALSE)-VLOOKUP(B10,Old!A:M,7,FALSE))/VLOOKUP(B10,Old!A:M,7,FALSE),0) -> -0.31370092 | F10: =IFERROR((VLOOKUP(B10,New!A:M,9,FALSE)-VLOOKUP(B10,Old!A:M,9,FALSE))/VLOOKUP(B10,Old!A:M,9,FALSE),0) -> -0.0063496469 | G10: =IFERROR((VLOOKUP(B10,New!A:M,11,FALSE)-VLOOKUP(B10,Old!A:M,11,FALSE))/VLOOKUP(B10,Old!A:M,11,FALSE),0) -> 0.082924049 | H10: =IFERROR((VLOOKUP(B10,New!A:M,13,FALSE)-VLOOKUP(B10,Old!A:M,13,FALSE))/VLOOKUP(B10,Old!A:M,13,FALSE),0) -> 0 | I10: =IF(AND(C10>0.1,ABS(VLOOKUP(B10,New!A:N,14,FALSE)-VLOOKUP(B10,Old!A:N,14,FALSE))>5),"Score and place shift is > 10%","Within acceptance") -> Within acceptance | J10: =IF(AND(ABS(D10)<0.1,ABS(E10)<0.1,ABS(F10)<0.1,ABS(G10)<0.1,ABS(H10)<0.1),"The score is just a sequence of overall score shift","Needs analysis") -> Needs analysis
A11: 10 | B11: =New!A11 -> CH0022699 | C11: =(VLOOKUP(B11,New!A:C,3,FALSE)-VLOOKUP(B11,Old!A:C,3,FALSE))/VLOOKUP(B11,Old!A:C,3,FALSE) -> 0.35269797 | D11: =IFERROR((VLOOKUP(B11,New!A:M,5,FALSE)-VLOOKUP(B11,Old!A:M,5,FALSE))/VLOOKUP(B11,Old!A:M,5,FALSE),0) -> 0.0017284594 | E11: =IFERROR((VLOOKUP(B11,New!A:M,7,FALSE)-VLOOKUP(B11,Old!A:M,7,FALSE))/VLOOKUP(B11,Old!A:M,7,FALSE),0) -> 1.3308271 | F11: =IFERROR((VLOOKUP(B11,New!A:M,9,FALSE)-VLOOKUP(B11,Old!A:M,9,FALSE))/VLOOKUP(B11,Old!A:M,9,FALSE),0) -> 0.016190387 | G11: =IFERROR((VLOOKUP(B11,New!A:M,11,FALSE)-VLOOKUP(B11,Old!A:M,11,FALSE))/VLOOKUP(B11,Old!A:M,11,FALSE),0) -> 0.082924049 | H11: =IFERROR((VLOOKUP(B11,New!A:M,13,FALSE)-VLOOKUP(B11,Old!A:M,13,FALSE))/VLOOKUP(B11,Old!A:M,13,FALSE),0) -> -0.5 | I11: =IF(AND(C11>0.1,ABS(VLOOKUP(B11,New!A:N,14,FALSE)-VLOOKUP(B11,Old!A:N,14,FALSE))>5),"Score and place shift is > 10%","Within acceptance") -> Score and place shift is > 10% | J11: =IF(AND(ABS(D11)<0.1,ABS(E11)<0.1,ABS(F11)<0.1,ABS(G11)<0.1,ABS(H11)<0.1),"The score is just a sequence of overall score shift","Needs analysis") -> Needs analysis
A12: 11 | B12: =New!A12 -> CH0022907 | C12: =(VLOOKUP(B12,New!A:C,3,FALSE)-VLOOKUP(B12,Old!A:C,3,FALSE))/VLOOKUP(B12,Old!A:C,3,FALSE) -> 0.035176177 | D12: =IFERROR((VLOOKUP(B12,New!A:M,5,FALSE)-VLOOKUP(B12,Old!A:M,5,FALSE))/VLOOKUP(B12,Old!A:M,5,FALSE),0) -> -0.00071942446 | E12: =IFERROR((VLOOKUP(B12,New!A:M,7,FALSE)-VLOOKUP(B12,Old!A:M,7,FALSE))/VLOOKUP(B12,Old!A:M,7,FALSE),0) -> 0.047079237 | F12: =IFERROR((VLOOKUP(B12,New!A:M,9,FALSE)-VLOOKUP(B12,Old!A:M,9,FALSE))/VLOOKUP(B12,Old!A:M,9,FALSE),0) -> -6.8897172e-05 | G12: =IFERROR((VLOOKUP(B12,New!A:M,11,FALSE)-VLOOKUP(B12,Old!A:M,11,FALSE))/VLOOKUP(B12,Old!A:M,11,FALSE),0) -> 0.082924049 | H12: =IFERROR((VLOOKUP(B12,New!A:M,13,FALSE)-VLOOKUP(B12,Old!A:M,13,FALSE))/VLOOKUP(B12,Old!A:M,13,FALSE),0) -> 0 | I12: =IF(AND(C12>0.1,ABS(VLOOKUP(B12,New!A:N,14,FALSE)-VLOOKUP(B12,Old!A:N,14,FALSE))>5),"Score and place shift is > 10%","Within acceptance") -> Within acceptance | J12: =IF(AND(ABS(D12)<0.1,ABS(E12)<0.1,ABS(F12)<0.1,ABS(G12)<0.1,ABS(H12)<0.1),"The score is just a sequence of overall score shift","Needs analysis") -> The score is just a sequence of overall score shift
A13: 12 | B13: =New!A13 -> CH0022780 | C13: =(VLOOKUP(B13,New!A:C,3,FALSE)-VLOOKUP(B13,Old!A:C,3,FALSE))/VLOOKUP(B13,Old!A:C,3,FALSE) -> -0.058225529 | D13: =IFERROR((VLOOKUP(B13,New!A:M,5,FALSE)-VLOOKUP(B13,Old!A:M,5,FALSE))/VLOOKUP(B13,Old!A:M,5,FALSE),0) -> -0.00071942446 | E13: =IFERROR((VLOOKUP(B13,New!A:M,7,FALSE)-VLOOKUP(B13,Old!A:M,7,FALSE))/VLOOKUP(B13,Old!A:M,7,FALSE),0) -> -0.26510394 | F13: =IFERROR((VLOOKUP(B13,New!A:M,9,FALSE)-VLOOKUP(B13,Old!A:M,9,FALSE))/VLOOKUP(B13,Old!A:M,9,FALSE),0) -> 0.086793656 | G13: =IFERROR((VLOOKUP(B13,New!A:M,11,FALSE)-VLOOKUP(B13,Old!A:M,11,FALSE))/VLOOKUP(B13,Old!A:M,11,FALSE),0) -> 0 | H13: =IFERROR((VLOOKUP(B13,New!A:M,13,FALSE)-VLOOKUP(B13,Old!A:M,13,FALSE))/VLOOKUP(B13,Old!A:M,13,FALSE),0) -> 0 | I13: =IF(AND(C13>0.1,ABS(VLOOKUP(B13,New!A:N,14,FALSE)-VLOOKUP(B13,Old!A:N,14,FALSE))>5),"Score and place shift is > 10%","Within acceptance") -> Within acceptance | J13: =IF(AND(ABS(D13)<0.1,ABS(E13)<0.1,ABS(F13)<0.1,ABS(G13)<0.1,ABS(H13)<0.1),"The score is just a sequence of overall score shift","Needs analysis") -> Needs analysis
... A51: 50 | B51: =New!A51 -> CH0023115 | C51: =(VLOOKUP(B51,New!A:C,3,FALSE)-VLOOKUP(B51,Old!A:C,3,FALSE))/VLOOKUP(B51,Old!A:C,3,FALSE) -> -0.15837468 | D51: =IFERROR((VLOOKUP(B51,New!A:M,5,FALSE)-VLOOKUP(B51,Old!A:M,5,FALSE))/VLOOKUP(B51,Old!A:M,5,FALSE),0) -> -0.00071942446 | E51: =IFERROR((VLOOKUP(B51,New!A:M,7,FALSE)-VLOOKUP(B51,Old!A:M,7,FALSE))/VLOOKUP(B51,Old!A:M,7,FALSE),0) -> -0.245256 | F51: =IFERROR((VLOOKUP(B51,New!A:M,9,FALSE)-VLOOKUP(B51,Old!A:M,9,FALSE))/VLOOKUP(B51,Old!A:M,9,FALSE),0) -> 0.011593946 | G51: =IFERROR((VLOOKUP(B51,New!A:M,11,FALSE)-VLOOKUP(B51,Old!A:M,11,FALSE))/VLOOKUP(B51,Old!A:M,11,FALSE),0) -> 0 | H51: =IFERROR((VLOOKUP(B51,New!A:M,13,FALSE)-VLOOKUP(B51,Old!A:M,13,FALSE))/VLOOKUP(B51,Old!A:M,13,FALSE),0) -> 0 | I51: =IF(AND(C51>0.1,ABS(VLOOKUP(B51,New!A:N,14,FALSE)-VLOOKUP(B51,Old!A:N,14,FALSE))>5),"Score and place shift is > 10%","Within acceptance") -> Within acceptance | J51: =IF(AND(ABS(D51)<0.1,ABS(E51)<0.1,ABS(F51)<0.1,ABS(G51)<0.1,ABS(H51)<0.1),"The score is just a sequence of overall score shift","Needs analysis") -> Needs analysis
